location_id,product_name,category,type,strain,amount,thc,cbd,price_original,price_discounted,brand,product_id_website,product_description,product_url,image_url,image_filename,featured,stock,qty
muv_apollo_beach,1:1 Mandarin Soft Chews,Edible,Candies,Hybrid,,100mg,100mg,25,,MÜV,1064821,"Carefully crafted and perfected by artisan confectionaries, MÜV Soft Chews deliver a consistent dose of medical marijuana and robust flavor with every bite.  Zesty, bright, and refreshing Mandarin flavor will deliver equal doses of CBD and THC in every delicious bite, making this hybrid a tasty daytime option. ",https://www.iheartjane.com/embed/stores/487/products/1064821/muv-1-1-mandarin-soft-chews-100mg-cbd-100mg-thc,https://v2.checkprojectstatus.com/Laravel/uploads/products/166115963516601173251656048139_8641.jpg,166115963516601173251656048139_8641.jpg,1,1,1000
muv_apollo_beach,2:1 Strawberry Peach Soft Chews ,Edible,Candies,Hybrid,,100mg,200mg,30,,MÜV,1064824,"Carefully crafted and perfected by artisan confectionaries, MÜV Soft Chews deliver a consistent dose of medical marijuana and robust flavor with every bite.  Enjoy the taste of summer anytime with Strawberry Peach Soft Chews. This hybrid 2:1 CBD/THC is a great option day or night. ",https://www.iheartjane.com/embed/stores/487/products/1064824/muv-2-1-strawberry-peach-soft-chews-200mg-cbd-100mg-thc,https://v2.checkprojectstatus.com/Laravel/uploads/products/166115963516601173251656048139_8641.jpg,166115963516601173251656048139_8641.jpg,1,1,1000
muv_apollo_beach,Caramel,Edible,Candies,Hybrid,,,,25,,MÜV,1083345,"Rich, buttery hand-crafted caramel is infused with ultra-refined cannabis distillate oil. Each piece is precisely dosed with 10 mg of THC per piece and melt-in-your mouth delicious. Classic Caramel provides a sweet, rich medicating experience.",https://www.iheartjane.com/embed/stores/487/products/1083345/muv-caramel-10pk-100mg,https://v2.checkprojectstatus.com/Laravel/uploads/products/166115963516601173251656048139_8641.jpg,166115963516601173251656048139_8641.jpg,1,1,1000
muv_apollo_beach,Caramel Apple,Edible,Candies,Hybrid,,,,25,,MÜV,1083346,"Rich, buttery hand-crafted caramel is infused with ultra-refined cannabis distillate oil. Each piece is precisely dosed with 10 mg of THC per piece and melt-in-your mouth delicious. Caramel Apple provides a nostalgic caramel apple flavor.",https://www.iheartjane.com/embed/stores/487/products/1083346/muv-caramel-apple-10pk-100mg,https://v2.checkprojectstatus.com/Laravel/uploads/products/166115963516601173251656048139_8641.jpg,166115963516601173251656048139_8641.jpg,1,1,1000
muv_apollo_beach,Sea Salt Caramel,Edible,Candies,Hybrid,,,,25,,MÜV,1083347,"Rich, buttery hand-crafted caramel is infused with ultra-refined cannabis distillate oil. Each piece is precisely dosed with 10 mg of THC per piece and melt-in-your mouth delicious. Sea Salt Caramel provides an explosion of sweet-meets-salty flavor.",https://www.iheartjane.com/embed/stores/487/products/1083347/muv-sea-salt-caramel-10pk-100mg,https://v2.checkprojectstatus.com/Laravel/uploads/products/166115963516601173251656048139_8641.jpg,166115963516601173251656048139_8641.jpg,1,1,1000
muv_apollo_beach,Strawberry Soft Chews,Edible,Candies,Hybrid,,,,25,,MÜV,1064813,"Carefully crafted and perfected by artisan confectionaries, MÜV Soft Chews deliver a consistent dose of medical marijuana and robust flavor with every bite. Bite into the undeniable taste of Strawberry and ease into the effects of this deliciously blended hybrid Soft Chew.  ",https://www.iheartjane.com/embed/stores/487/products/1064813/muv-strawberry-soft-chews-100mg,https://v2.checkprojectstatus.com/Laravel/uploads/products/166115963516601173251656048139_8641.jpg,166115963516601173251656048139_8641.jpg,1,1,1000
muv_apollo_beach,Watermelon Soft Chews,Edible,Candies,Sativa,,,,25,,MÜV,1064819,"Carefully crafted and perfected by artisan confectionaries, MÜV Soft Chews deliver a consistent dose of medical marijuana and robust flavor with every bite. The refreshingly juicy taste of watermelon infused with the perfect blend of terpenes and cannabis distillate, delivered in a pectin hybrid Soft Chew.  ",https://www.iheartjane.com/embed/stores/487/products/1064819/muv-watermelon-soft-chews-100mg,https://v2.checkprojectstatus.com/Laravel/uploads/products/166115963516601173251656048139_8641.jpg,166115963516601173251656048139_8641.jpg,1,1,1000
muv_apollo_beach,1:1 Mandarin Soft Chews,Edible,Candies,Hybrid,,100mg,100mg,25,,MÜV,1064821,"Carefully crafted and perfected by artisan confectionaries, MÜV Soft Chews deliver a consistent dose of medical marijuana and robust flavor with every bite.  Zesty, bright, and refreshing Mandarin flavor will deliver equal doses of CBD and THC in every delicious bite, making this hybrid a tasty daytime option. ",https://www.iheartjane.com/embed/stores/487/products/1064821/muv-1-1-mandarin-soft-chews-100mg-cbd-100mg-thc,https://v2.checkprojectstatus.com/Laravel/uploads/products/166115963516601173251656048139_8641.jpg,166115963516601173251656048139_8641.jpg,1,1,1000
muv_apollo_beach,2:1 Strawberry Peach Soft Chews ,Edible,Candies,Hybrid,,100mg,200mg,30,,MÜV,1064824,"Carefully crafted and perfected by artisan confectionaries, MÜV Soft Chews deliver a consistent dose of medical marijuana and robust flavor with every bite.  Enjoy the taste of summer anytime with Strawberry Peach Soft Chews. This hybrid 2:1 CBD/THC is a great option day or night. ",https://www.iheartjane.com/embed/stores/487/products/1064824/muv-2-1-strawberry-peach-soft-chews-200mg-cbd-100mg-thc,https://v2.checkprojectstatus.com/Laravel/uploads/products/166115963516601173251656048139_8641.jpg,166115963516601173251656048139_8641.jpg,1,1,1000
muv_apollo_beach,Berry Soft Chews,Edible,Candies,Indica,,,,25,,MÜV,1064803,"Carefully crafted and perfected by artisan confectionaries, MÜV Soft Chews deliver a consistent dose of medical marijuana and robust flavor with every bite. This Soft Chew is packed with berry flavor in a perfectly textured vegan bite. Indica Berry Soft Chews are a delicious option to unwind and enjoy.  ",https://www.iheartjane.com/embed/stores/487/products/1064803/muv-berry-soft-chews-100mg,https://v2.checkprojectstatus.com/Laravel/uploads/products/166115963516601173251656048139_8641.jpg,166115963516601173251656048139_8641.jpg,1,1,1000
muv_apollo_beach,Caramel,Edible,Candies,Hybrid,,,,25,,MÜV,1083345,"Rich, buttery hand-crafted caramel is infused with ultra-refined cannabis distillate oil. Each piece is precisely dosed with 10 mg of THC per piece and melt-in-your mouth delicious. Classic Caramel provides a sweet, rich medicating experience.",https://www.iheartjane.com/embed/stores/487/products/1083345/muv-caramel-10pk-100mg,https://v2.checkprojectstatus.com/Laravel/uploads/products/166115963516601173251656048139_8641.jpg,166115963516601173251656048139_8641.jpg,1,1,1000
muv_apollo_beach,Caramel Apple,Edible,Candies,Hybrid,,,,25,,MÜV,1083346,"Rich, buttery hand-crafted caramel is infused with ultra-refined cannabis distillate oil. Each piece is precisely dosed with 10 mg of THC per piece and melt-in-your mouth delicious. Caramel Apple provides a nostalgic caramel apple flavor.",https://www.iheartjane.com/embed/stores/487/products/1083346/muv-caramel-apple-10pk-100mg,https://v2.checkprojectstatus.com/Laravel/uploads/products/166115963516601173251656048139_8641.jpg,166115963516601173251656048139_8641.jpg,1,1,1000
muv_apollo_beach,Caramel Milk Chocolates ,Edible,Chocolates,Hybrid,,,,25,,MÜV,821238,"MÜV Cannabis Chocolates are infused with Premium Distillate and simply taste like chocolate, with little to no cannabis taste. Each 10mg piece is individually wrapped for freshness and easy dosing, and segmented, allowing you to evenly split into two 5mg doses. Caramel Milk Chocolate is a sweet, buttery, and delectable flavor, both gluten-free and all natural.",https://www.iheartjane.com/embed/stores/487/products/821238/muv-milk-chocolate-caramel-10pk-100mg,https://v2.checkprojectstatus.com/Laravel/uploads/products/166115963516601173251656048139_8641.jpg,166115963516601173251656048139_8641.jpg,1,1,1000
muv_apollo_beach,Dark Chocolate,Edible,Chocolates,Hybrid,,,,25,,MÜV,587243,"MÜV Dark Chocolates are inspired by Belgian chocolatiers and crafted using natural ingredients you can trust. Infused with Premium Distillate, each piece simply tastes like chocolate, with little to no cannabis taste. Dark Chocolates are produced in small, artisan batches and yield consistent dosing and reliable effects. Each 10 mg piece is individually wrapped for freshness and easy dosing, and segmented, allowing you to evenly split into two 5 mg doses. And, Dark Chocolates are vegan and gluten-free.",https://www.iheartjane.com/embed/stores/487/products/587243/muv-dark-chocolate-10pk-100mg,https://v2.checkprojectstatus.com/Laravel/uploads/products/166115963516601173251656048139_8641.jpg,166115963516601173251656048139_8641.jpg,1,1,1000
muv_apollo_beach,Lozenge - Orange,Edible,Candies,Hybrid,,,,20,,MÜV,582200,"Exceptionally great tasting – MÜV Orange Lozenges burst with natural fruit flavors, delivering medical cannabis that slowly melts in your mouth. Our process and formulation yield very consistent dosing and reliable effects. One lozenge is 10 mg of active ingredient, allowing you to savor the flavor and receive the sublingual benefits as well. The 10 pack of individually wrapped lozenges provides 100 total mg THC per container.",https://www.iheartjane.com/embed/stores/487/products/582200/muv-orange-100mg,https://v2.checkprojectstatus.com/Laravel/uploads/products/166115963516601173251656048139_8641.jpg,166115963516601173251656048139_8641.jpg,1,1,1000
muv_apollo_beach,Lozenge - Wildberry,Edible,Candies,Hybrid,,50mg,50mg,20,,MÜV,582199,"Exceptionally great tasting – MÜV 1:1 Wildberry Lozenges burst with natural fruit flavors, delivering medical cannabis that slowly melts in your mouth. Our process and formulation yield very consistent dosing and reliable effects. One lozenge is 5mg each of THC and CBD, allowing you to savor the flavor and receive the sublingual benefits as well. The 10 pack of individually wrapped lozenges provides 50 total mg THC and 50 total mg CBD per container.",https://www.iheartjane.com/embed/stores/487/products/582199/muv-1-1-wildberry-50mg-cbd-50mg-thc,https://v2.checkprojectstatus.com/Laravel/uploads/products/166115963516601173251656048139_8641.jpg,166115963516601173251656048139_8641.jpg,1,1,1000
muv_apollo_beach,Mango Soft Chews,Edible,Candies,Sativa,,,,25,,MÜV,1064811,"Carefully crafted and perfected by artisan confectionaries, MÜV Soft Chews deliver a consistent dose of medical marijuana and robust flavor with every bite. A flavorful powerhouse, sativa Mango Soft Chews are loaded with energizing terpenes to provide a Sativa option, perfect for daytime and focus.  ",https://www.iheartjane.com/embed/stores/487/products/1064811/muv-mango-soft-chews-100mg,https://v2.checkprojectstatus.com/Laravel/uploads/products/166115963516601173251656048139_8641.jpg,166115963516601173251656048139_8641.jpg,1,1,1000
muv_apollo_beach,Milk Chocolate,Edible,Chocolates,Hybrid,,,,25,,MÜV,587239,"MÜV Milk Chocolates are inspired by Belgian chocolatiers and crafted using natural ingredients you can trust. Infused with Premium Distillate, each piece simply tastes like chocolate, with little to no cannabis taste. Milk Chocolates are produced in small, artisan batches and yield consistent dosing and reliable effects. Each 10 mg piece is individually wrapped for freshness and easy dosing, and segmented, allowing you to evenly split into two 5 mg doses. This chocolate contains dairy.",https://www.iheartjane.com/embed/stores/487/products/587239/muv-milk-chocolate-10pk-100mg,https://v2.checkprojectstatus.com/Laravel/uploads/products/166115963516601173251656048139_8641.jpg,166115963516601173251656048139_8641.jpg,1,1,1000
muv_apollo_beach,Sea Salt Caramel,Edible,Candies,Hybrid,,,,25,,MÜV,1083347,"Rich, buttery hand-crafted caramel is infused with ultra-refined cannabis distillate oil. Each piece is precisely dosed with 10 mg of THC per piece and melt-in-your mouth delicious. Sea Salt Caramel provides an explosion of sweet-meets-salty flavor.",https://www.iheartjane.com/embed/stores/487/products/1083347/muv-sea-salt-caramel-10pk-100mg,https://v2.checkprojectstatus.com/Laravel/uploads/products/166115963516601173251656048139_8641.jpg,166115963516601173251656048139_8641.jpg,1,1,1000
muv_apollo_beach,Strawberry Soft Chews,Edible,Candies,Hybrid,,,,25,,MÜV,1064813,"Carefully crafted and perfected by artisan confectionaries, MÜV Soft Chews deliver a consistent dose of medical marijuana and robust flavor with every bite. Bite into the undeniable taste of Strawberry and ease into the effects of this deliciously blended hybrid Soft Chew.  ",https://www.iheartjane.com/embed/stores/487/products/1064813/muv-strawberry-soft-chews-100mg,https://v2.checkprojectstatus.com/Laravel/uploads/products/166115963516601173251656048139_8641.jpg,166115963516601173251656048139_8641.jpg,1,1,1000
muv_apollo_beach,Watermelon Soft Chews,Edible,Candies,Sativa,,,,25,,MÜV,1064819,"Carefully crafted and perfected by artisan confectionaries, MÜV Soft Chews deliver a consistent dose of medical marijuana and robust flavor with every bite. The refreshingly juicy taste of watermelon infused with the perfect blend of terpenes and cannabis distillate, delivered in a pectin hybrid Soft Chew.  ",https://www.iheartjane.com/embed/stores/487/products/1064819/muv-watermelon-soft-chews-100mg,https://v2.checkprojectstatus.com/Laravel/uploads/products/166115963516601173251656048139_8641.jpg,166115963516601173251656048139_8641.jpg,1,1,1000
muv_apollo_beach,Apple Juice,Concentrate,Syringes/Tankers,Hybrid,1g,80.54%,0.14%,70,,MÜV,980380,"MÜV Plus Distillate offers patients the same premium, strain-specific distillate found in our MÜV Plus Vape products, in a versatile and easy-to-dose syringe. Patients can access the distillate through inhalation or ingestion. MÜV Plus Distillate is extracted from our high quality MÜV Flower.",https://www.iheartjane.com/embed/stores/487/products/980380/muv-apple-juice,https://v2.checkprojectstatus.com/Laravel/uploads/products/166115963516601173251656048139_8641.jpg,166115963516601173251656048139_8641.jpg,1,1,1000
muv_apollo_beach,Cherry Punch,Concentrate,Kief,Hybrid,1g,46.87%,0.34%,40,,MÜV,850788,"MÜV Strain-specific Kief is a potent form of cannabis. The solventless concentrate is crafted by collecting trichomes, or the small hairs that give marijuana flower its “frosty” appearance. These trichomes, desired because they are where cannabinoids and terpenes are produced, are then sifted to isolate the mushroom-shaped heads. Highly fragrant kief will range from a light to deep sand in hue, with the addition of purples or greens, depending on the strain it is isolated from.  ",https://www.iheartjane.com/embed/stores/487/products/850788/muv-cherry-punch,https://v2.checkprojectstatus.com/Laravel/uploads/products/166115963516601173251656048139_8641.jpg,166115963516601173251656048139_8641.jpg,1,1,1000
muv_apollo_beach,Durban Dream,Concentrate,Other,Sativa,1g,67.79%,0.25%,65,,MÜV,235857,"MÜV Crumble is a strain-specific, highly potent ethanol extract that resembles a honeycomb. With a light and airy texture, Blue is ideal for vaporizing. Please note, appropriate delivery methods are required to activate concentrated cannabinoids and terpenes.",https://www.iheartjane.com/embed/stores/487/products/235857/muv-durban-dream,https://v2.checkprojectstatus.com/Laravel/uploads/products/166115963516601173251656048139_8641.jpg,166115963516601173251656048139_8641.jpg,1,1,1000
muv_apollo_beach,Grape Noir,Concentrate,Syringes/Tankers,Hybrid,1g,84.85%,0.52%,70,,MÜV,1108369,"MÜV Plus Distillate offers patients the same premium, strain-specific distillate found in our MÜV Plus Vape products, in a versatile and easy-to-dose syringe. Patients can access the distillate through inhalation or ingestion. MÜV Plus Distillate is extracted from our high quality MÜV Flower.",https://www.iheartjane.com/embed/stores/487/products/1108369/muv-grape-noir,https://v2.checkprojectstatus.com/Laravel/uploads/products/166115963516601173251656048139_8641.jpg,166115963516601173251656048139_8641.jpg,1,1,1000
muv_apollo_beach,Guru,Concentrate,Waxes,Indica,1g,74.98%,0.29%,65,,MÜV,149057,"MÜV Crumble is a strain-specific, highly potent ethanol extract that resembles a honeycomb. With a light and airy texture, Blue is ideal for vaporizing. Please note, appropriate delivery methods are required to activate concentrated cannabinoids and terpenes.",https://www.iheartjane.com/embed/stores/487/products/149057/muv-guru,https://v2.checkprojectstatus.com/Laravel/uploads/products/166115963516601173251656048139_8641.jpg,166115963516601173251656048139_8641.jpg,1,1,1000
muv_apollo_beach,London Pound Mints,Concentrate,Rosins,Hybrid,1g,69.04%,0.34%,85,,MÜV,433827,"MÜV Live Ice Water Extraction Rosin is the pinnacle of cannabis concentrates. Cannabis flower is harvested and immediately frozen to retain the plant’s living terpene profile. Trichomes are isolated from the flash-frozen whole flower using ice water extraction, which removes the resinous trichomes without bringing unwanted plant material. These trichomes are dried, then pressed using only heat and pressure. The result is a solventless, full-spectrum, true-to-flower concentrate.",https://www.iheartjane.com/embed/stores/487/products/433827/muv-london-pound-mints,https://v2.checkprojectstatus.com/Laravel/uploads/products/166115963516601173251656048139_8641.jpg,166115963516601173251656048139_8641.jpg,0,1,1000
muv_apollo_beach,London Pound Mints,Concentrate,Live Resins,Hybrid,1g,69.76%,1.60%,75,,MÜV,1007324,"Sugar, a Live Resin concentrate, is a grainy textured collection of crystals harvested from fresh then frozen cannabis to deliver full-flavored, full-body effects. The highly potent Hydrocarbon extraction process allows the concentrate to preserve the high terpene profiles of their strain and the texture makes it easy to use for vaporizing dabs.  ",https://www.iheartjane.com/embed/stores/487/products/1007324/muv-london-pound-mints,https://v2.checkprojectstatus.com/Laravel/uploads/products/166115963516601173251656048139_8641.jpg,166115963516601173251656048139_8641.jpg,0,1,1000
muv_apollo_beach,Modified Grapes,Concentrate,Rick Simpson Oil (RSO),Indica,1g,78.68%,0.22%,55,,MÜV,368831,"The full-spectrum extract of RSO contains all components of cannabis: cannabinoids, terpenes, flavonoids, chlorophyll, and beneficial lipids for truly medicinal benefits. It is traditionally used in a concentrated form orally (either directly or with foods) for generally sedative effects while topical use has been shown to heal skin lesions and have potential anti-cancerous properties.	",https://www.iheartjane.com/embed/stores/487/products/368831/muv-modified-grapes,https://v2.checkprojectstatus.com/Laravel/uploads/products/166115963516601173251656048139_8641.jpg,166115963516601173251656048139_8641.jpg,0,1,1000
muv_apollo_beach,Modified Grapes #6,Concentrate,Live Resins,Indica,1g,78.00%,0.24%,75,,MÜV,909498,"Sugar, a Live Resin concentrate, is a grainy textured collection of crystals harvested from fresh then frozen cannabis to deliver full-flavored, full-body effects. The highly potent Hydrocarbon extraction process allows the concentrate to preserve the high terpene profiles of their strain and the texture makes it easy to use for vaporizing dabs.  ",https://www.iheartjane.com/embed/stores/487/products/909498/muv-modified-grapes-6,https://v2.checkprojectstatus.com/Laravel/uploads/products/166115963516601173251656048139_8641.jpg,166115963516601173251656048139_8641.jpg,0,1,1000
muv_apollo_beach,Robots,Concentrate,Rick Simpson Oil (RSO),Hybrid,1g,73.00%,0.25%,55,,MÜV,796162,"The full-spectrum extract of RSO contains all components of cannabis: cannabinoids, terpenes, flavonoids, chlorophyll, and beneficial lipids for truly medicinal benefits. It is traditionally used in a concentrated form orally (either directly or with foods) for generally sedative effects while topical use has been shown to heal skin lesions and have potential anti-cancerous properties.	",https://www.iheartjane.com/embed/stores/487/products/796162/muv-robots,https://v2.checkprojectstatus.com/Laravel/uploads/products/166115963516601173251656048139_8641.jpg,166115963516601173251656048139_8641.jpg,0,1,1000
muv_apollo_beach,Robots,Concentrate,Shatters,Hybrid,1g,77.42%,0.18%,65,,MÜV,685793,"MÜV Shatter is a strain-specific cannabis concentrate with a golden, clear appearance and a glass-like consistency. Shatter is typically easier to manipulate than other extracts. It can be effortlessly be broken down to chards for vaporization. After being broken down, each rice-sized piece equals approximately 25 mg. Please note, appropriate delivery methods are required to activate concentrated cannabinoids and terpenes.",https://www.iheartjane.com/embed/stores/487/products/685793/muv-robts,https://v2.checkprojectstatus.com/Laravel/uploads/products/166115963516601173251656048139_8641.jpg,166115963516601173251656048139_8641.jpg,0,0,1000
muv_apollo_beach,Slurricane,Concentrate,Rick Simpson Oil (RSO),Indica,1g,80.97%,0.19%,55,,MÜV,327483,"The full-spectrum extract of RSO contains all components of cannabis: cannabinoids, terpenes, flavonoids, chlorophyll, and beneficial lipids for truly medicinal benefits. It is traditionally used in a concentrated form orally (either directly or with foods) for generally sedative effects while topical use has been shown to heal skin lesions and have potential anti-cancerous properties.	",https://www.iheartjane.com/embed/stores/487/products/327483/muv-slurricane,https://v2.checkprojectstatus.com/Laravel/uploads/products/166115963516601173251656048139_8641.jpg,166115963516601173251656048139_8641.jpg,0,0,1000
muv_apollo_beach,Triangle Kush,Concentrate,Live Resins,Indica,1g,69.21%,0.28%,75,,MÜV,1085541,"Sugar, a Live Resin concentrate, is a grainy textured collection of crystals harvested from fresh then frozen cannabis to deliver full-flavored, full-body effects. The highly potent Hydrocarbon extraction process allows the concentrate to preserve the high terpene profiles of their strain and the texture makes it easy to use for vaporizing dabs.  ",https://www.iheartjane.com/embed/stores/487/products/1085541/muv-triangle-kush,https://v2.checkprojectstatus.com/Laravel/uploads/products/166115963516601173251656048139_8641.jpg,166115963516601173251656048139_8641.jpg,0,0,1000
muv_apollo_beach,Triangle Kush,Concentrate,Syringes/Tankers,Indica,1g,79.96%,0.26%,70,,MÜV,1071731,"MÜV Plus Distillate offers patients the same premium, strain-specific distillate found in our MÜV Plus Vape products, in a versatile and easy-to-dose syringe. Patients can access the distillate through inhalation or ingestion. MÜV Plus Distillate is extracted from our high quality MÜV Flower.",https://www.iheartjane.com/embed/stores/487/products/1071731/muv-triangle-kush,https://v2.checkprojectstatus.com/Laravel/uploads/products/166115963516601173251656048139_8641.jpg,166115963516601173251656048139_8641.jpg,0,0,1000
muv_apollo_beach,Velvet Glove #4,Concentrate,Live Resins,Indica,1g,69.95%,0.26%,75,,MÜV,1086822,"Sugar, a Live Resin concentrate, is a grainy textured collection of crystals harvested from fresh then frozen cannabis to deliver full-flavored, full-body effects. The highly potent Hydrocarbon extraction process allows the concentrate to preserve the high terpene profiles of their strain and the texture makes it easy to use for vaporizing dabs.  ",https://www.iheartjane.com/embed/stores/487/products/1086822/muv-velvet-glove-4,https://v2.checkprojectstatus.com/Laravel/uploads/products/166115963516601173251656048139_8641.jpg,166115963516601173251656048139_8641.jpg,0,0,1000
muv_apollo_beach,White Mac,Concentrate,Rick Simpson Oil (RSO),Hybrid,1g,70.41%,0.70%,55,,MÜV,980173,"The full-spectrum extract of RSO contains all components of cannabis: cannabinoids, terpenes, flavonoids, chlorophyll, and beneficial lipids for truly medicinal benefits. It is traditionally used in a concentrated form orally (either directly or with foods) for generally sedative effects while topical use has been shown to heal skin lesions and have potential anti-cancerous properties.	",https://www.iheartjane.com/embed/stores/487/products/980173/muv-white-mac,https://v2.checkprojectstatus.com/Laravel/uploads/products/166115963516601173251656048139_8641.jpg,166115963516601173251656048139_8641.jpg,0,0,1000
muv_apollo_beach,Durban Dream,Flower,Rick Simpson Oil (RSO),Sativa,3.5g,19.90%,0.07%,50,40,MÜV,216743,"MÜV Premium Cannabis Flower is meticulously grown at a 150,000 sq. ft. state-of-the-art indoor facility in Apollo Beach, FL. By carefully monitoring and controlling the cultivation environment, we produce the highest quality flowers on the market.With our cutting-edge methods, MÜV produces a variety of colorful and aromatic cannabis strains. In growing crops without the use of harmful pesticides, each variety expresses unique characteristics and flavor profiles. For MÜV patients, these traits satisfy both personal preferences and medicinal needs.",https://www.iheartjane.com/embed/stores/487/products/216743/muv-durban-dream,https://v2.checkprojectstatus.com/Laravel/uploads/products/166115963516601173251656048139_8641.jpg,166115963516601173251656048139_8641.jpg,0,0,1000
muv_apollo_beach,Durban Dream,Flower,Rick Simpson Oil (RSO),Sativa,3.5g,20.00%,0.25%,32,25.6,MÜV,220437,"MÜV Premium Cannabis Flower is meticulously grown at a 150,000 sq. ft. state-of-the-art indoor facility in Apollo Beach, FL. By carefully monitoring and controlling the cultivation environment, we produce the highest quality flowers on the market.With our cutting-edge methods, MÜV produces a variety of colorful and aromatic cannabis strains. In growing crops without the use of harmful pesticides, each variety expresses unique characteristics and flavor profiles. For MÜV patients, these traits satisfy both personal preferences and medicinal needs.",https://www.iheartjane.com/embed/stores/487/products/220437/muv-durban-dream,https://v2.checkprojectstatus.com/Laravel/uploads/products/166115963516601173251656048139_8641.jpg,166115963516601173251656048139_8641.jpg,0,0,1000
muv_apollo_beach,Florida Triangle,Flower,Rick Simpson Oil (RSO),Hybrid,3.5g,17.19%,0.06%,50,40,MÜV,906014,"MÜV Premium Cannabis Flower is meticulously grown at a 150,000 sq. ft. state-of-the-art indoor facility in Apollo Beach, FL. By carefully monitoring and controlling the cultivation environment, we produce the highest quality flowers on the market.With our cutting-edge methods, MÜV produces a variety of colorful and aromatic cannabis strains. In growing crops without the use of harmful pesticides, each variety expresses unique characteristics and flavor profiles. For MÜV patients, these traits satisfy both personal preferences and medicinal needs.",https://www.iheartjane.com/embed/stores/487/products/906014/muv-florida-triangle,https://v2.checkprojectstatus.com/Laravel/uploads/products/166115963516601173251656048139_8641.jpg,166115963516601173251656048139_8641.jpg,0,0,1000
muv_apollo_beach,Florida Triangle,Flower,Rick Simpson Oil (RSO),Hybrid,3.5g,16.70%,0.04%,40,32,MÜV,906069,"MÜV Premium Cannabis Flower is meticulously grown at a 150,000 sq. ft. state-of-the-art indoor facility in Apollo Beach, FL. By carefully monitoring and controlling the cultivation environment, we produce the highest quality flowers on the market.With our cutting-edge methods, MÜV produces a variety of colorful and aromatic cannabis strains. In growing crops without the use of harmful pesticides, each variety expresses unique characteristics and flavor profiles. For MÜV patients, these traits satisfy both personal preferences and medicinal needs.",https://www.iheartjane.com/embed/stores/487/products/906069/muv-florida-triangle,https://v2.checkprojectstatus.com/Laravel/uploads/products/166115963516601173251656048139_8641.jpg,166115963516601173251656048139_8641.jpg,0,0,1000
muv_apollo_beach,Confetti Kush Cake,Flower,Rick Simpson Oil (RSO),Hybrid,3.5g,18.50%,0.08%,60,,MÜV,865598,"Reserve Flower encompasses an array of premium cannabis genetics. These exotic strains have been rigorously phenohunted in the MÜV Cultivation and present striking features: dense trichome production, unique bud structures, and robust THC content",https://www.iheartjane.com/embed/stores/487/products/865598/muv-confetti-kush-cake,https://v2.checkprojectstatus.com/Laravel/uploads/products/166115963516601173251656048139_8641.jpg,166115963516601173251656048139_8641.jpg,0,0,1000
muv_apollo_beach,Durban Dream,Flower,Rick Simpson Oil (RSO),Sativa,3.5g,19.90%,0.07%,50,40,MÜV,216743,"MÜV Premium Cannabis Flower is meticulously grown at a 150,000 sq. ft. state-of-the-art indoor facility in Apollo Beach, FL. By carefully monitoring and controlling the cultivation environment, we produce the highest quality flowers on the market.With our cutting-edge methods, MÜV produces a variety of colorful and aromatic cannabis strains. In growing crops without the use of harmful pesticides, each variety expresses unique characteristics and flavor profiles. For MÜV patients, these traits satisfy both personal preferences and medicinal needs.",https://www.iheartjane.com/embed/stores/487/products/216743/muv-durban-dream,https://v2.checkprojectstatus.com/Laravel/uploads/products/166115963516601173251656048139_8641.jpg,166115963516601173251656048139_8641.jpg,0,0,1000
muv_apollo_beach,Durban Dream,Flower,Rick Simpson Oil (RSO),Sativa,3.5g,20.00%,0.25%,32,25.6,MÜV,220437,"MÜV Premium Cannabis Flower is meticulously grown at a 150,000 sq. ft. state-of-the-art indoor facility in Apollo Beach, FL. By carefully monitoring and controlling the cultivation environment, we produce the highest quality flowers on the market.With our cutting-edge methods, MÜV produces a variety of colorful and aromatic cannabis strains. In growing crops without the use of harmful pesticides, each variety expresses unique characteristics and flavor profiles. For MÜV patients, these traits satisfy both personal preferences and medicinal needs.",https://www.iheartjane.com/embed/stores/487/products/220437/muv-durban-dream,https://v2.checkprojectstatus.com/Laravel/uploads/products/166115963516601173251656048139_8641.jpg,166115963516601173251656048139_8641.jpg,0,0,1000
muv_apollo_beach,Florida Triangle,Flower,Rick Simpson Oil (RSO),Hybrid,3.5g,17.19%,0.06%,50,40,MÜV,906014,"MÜV Premium Cannabis Flower is meticulously grown at a 150,000 sq. ft. state-of-the-art indoor facility in Apollo Beach, FL. By carefully monitoring and controlling the cultivation environment, we produce the highest quality flowers on the market.With our cutting-edge methods, MÜV produces a variety of colorful and aromatic cannabis strains. In growing crops without the use of harmful pesticides, each variety expresses unique characteristics and flavor profiles. For MÜV patients, these traits satisfy both personal preferences and medicinal needs.",https://www.iheartjane.com/embed/stores/487/products/906014/muv-florida-triangle,https://v2.checkprojectstatus.com/Laravel/uploads/products/166115963516601173251656048139_8641.jpg,166115963516601173251656048139_8641.jpg,0,0,1000
muv_apollo_beach,Florida Triangle,Flower,Rick Simpson Oil (RSO),Hybrid,3.5g,16.70%,0.04%,40,32,MÜV,906069,"MÜV Premium Cannabis Flower is meticulously grown at a 150,000 sq. ft. state-of-the-art indoor facility in Apollo Beach, FL. By carefully monitoring and controlling the cultivation environment, we produce the highest quality flowers on the market.With our cutting-edge methods, MÜV produces a variety of colorful and aromatic cannabis strains. In growing crops without the use of harmful pesticides, each variety expresses unique characteristics and flavor profiles. For MÜV patients, these traits satisfy both personal preferences and medicinal needs.",https://www.iheartjane.com/embed/stores/487/products/906069/muv-florida-triangle,https://v2.checkprojectstatus.com/Laravel/uploads/products/166115963516601173251656048139_8641.jpg,166115963516601173251656048139_8641.jpg,0,0,1000
muv_apollo_beach,Punch Cookies,Flower,Rick Simpson Oil (RSO),Hybrid,3.5g,19.93%,0.07%,50,,MÜV,411070,"MÜV Premium Cannabis Flower is meticulously grown at a 150,000 sq. ft. state-of-the-art indoor facility in Apollo Beach, FL. By carefully monitoring and controlling the cultivation environment, we produce the highest quality flowers on the market.With our cutting-edge methods, MÜV produces a variety of colorful and aromatic cannabis strains. In growing crops without the use of harmful pesticides, each variety expresses unique characteristics and flavor profiles. For MÜV patients, these traits satisfy both personal preferences and medicinal needs.",https://www.iheartjane.com/embed/stores/487/products/411070/muv-punch-cookies,https://v2.checkprojectstatus.com/Laravel/uploads/products/166115963516601173251656048139_8641.jpg,166115963516601173251656048139_8641.jpg,0,0,1000
muv_apollo_beach,Robots,Flower,Rick Simpson Oil (RSO),Hybrid,3.5g,26.20%,0.10%,50,,MÜV,711678,"MÜV Premium Cannabis Flower is meticulously grown at a 150,000 sq. ft. state-of-the-art indoor facility in Apollo Beach, FL. By carefully monitoring and controlling the cultivation environment, we produce the highest quality flowers on the market.With our cutting-edge methods, MÜV produces a variety of colorful and aromatic cannabis strains. In growing crops without the use of harmful pesticides, each variety expresses unique characteristics and flavor profiles. For MÜV patients, these traits satisfy both personal preferences and medicinal needs.",https://www.iheartjane.com/embed/stores/487/products/711678/muv-robots,https://v2.checkprojectstatus.com/Laravel/uploads/products/166115963516601173251656048139_8641.jpg,166115963516601173251656048139_8641.jpg,0,0,1000
muv_apollo_beach,Root Beer Cream Cake,Flower,Rick Simpson Oil (RSO),Hybrid,3.5g,21.70%,0.15%,60,,MÜV,866100,"Reserve Flower encompasses an array of premium cannabis genetics. These exotic strains have been rigorously phenohunted in the MÜV Cultivation and present striking features: dense trichome production, unique bud structures, and robust THC content",https://www.iheartjane.com/embed/stores/487/products/866100/muv-rtbeer-crmcke,https://v2.checkprojectstatus.com/Laravel/uploads/products/166115963516601173251656048139_8641.jpg,166115963516601173251656048139_8641.jpg,0,0,1000
muv_apollo_beach,Slurricane,Flower,Rick Simpson Oil (RSO),Indica,3.5g,19.00%,0.25%,55,,MÜV,254231,"MÜV Flower Cups are designed for pure flower vaping, offering patients the synergistic benefits of cannabis without combustion. The strain-specific flower cups are compatible with MÜV Tabletop Vaporizers and are sold in 3-cup bottles, with 3.5 grams total per bottle.",https://www.iheartjane.com/embed/stores/487/products/254231/muv-slurricane,https://v2.checkprojectstatus.com/Laravel/uploads/products/166115963516601173251656048139_8641.jpg,166115963516601173251656048139_8641.jpg,0,0,1000
muv_apollo_beach,Slurricane,Flower,Rick Simpson Oil (RSO),Indica,3.5g,21.90%,0.07%,50,,MÜV,267939,"MÜV Premium Cannabis Flower is meticulously grown at a 150,000 sq. ft. state-of-the-art indoor facility in Apollo Beach, FL. By carefully monitoring and controlling the cultivation environment, we produce the highest quality flowers on the market.With our cutting-edge methods, MÜV produces a variety of colorful and aromatic cannabis strains. In growing crops without the use of harmful pesticides, each variety expresses unique characteristics and flavor profiles. For MÜV patients, these traits satisfy both personal preferences and medicinal needs.",https://www.iheartjane.com/embed/stores/487/products/267939/muv-slurricane,https://v2.checkprojectstatus.com/Laravel/uploads/products/166115963516601173251656048139_8641.jpg,166115963516601173251656048139_8641.jpg,0,0,1000
muv_apollo_beach,South Beach Sunrise,Flower,Shake,Hybrid,7g,18.08%,0.03%,40,,MÜV,1107207,"MÜV Premium Flower Ground Shake is a convenient option to consume whole flower. While some companies may solely collect the bits and pieces that fall naturally off the bud while handled, or collect a myriad of strains and mix them together, that is not the case at MÜV. Shake is the same strain-specific Premium Cannabis utilized in tiered flower, simply ground for ease of use. The 7 g flower option provides a diverse spectrum of colors and aromas, with the occasional stem or sugar leaf.",https://www.iheartjane.com/embed/stores/487/products/1107207/muv-south-beach-sunrise,https://v2.checkprojectstatus.com/Laravel/uploads/products/166115963516601173251656048139_8641.jpg,166115963516601173251656048139_8641.jpg,0,0,1000
muv_apollo_beach,South Beach Sunrise,Flower,Shake,Hybrid,3.5g,22.20%,0.04%,32,,MÜV,875615,"MÜV Premium Cannabis Flower is meticulously grown at a 150,000 sq. ft. state-of-the-art indoor facility in Apollo Beach, FL. By carefully monitoring and controlling the cultivation environment, we produce the highest quality flowers on the market.With our cutting-edge methods, MÜV produces a variety of colorful and aromatic cannabis strains. In growing crops without the use of harmful pesticides, each variety expresses unique characteristics and flavor profiles. For MÜV patients, these traits satisfy both personal preferences and medicinal needs.",https://www.iheartjane.com/embed/stores/487/products/875615/muv-south-beach-sunrise,https://v2.checkprojectstatus.com/Laravel/uploads/products/166115963516601173251656048139_8641.jpg,166115963516601173251656048139_8641.jpg,0,0,1000
muv_apollo_beach,SSI95,Flower,Shake,Hybrid,3.5g,19.70%,0.06%,50,,MÜV,679843,"MÜV Premium Cannabis Flower is meticulously grown at a 150,000 sq. ft. state-of-the-art indoor facility in Apollo Beach, FL. By carefully monitoring and controlling the cultivation environment, we produce the highest quality flowers on the market.With our cutting-edge methods, MÜV produces a variety of colorful and aromatic cannabis strains. In growing crops without the use of harmful pesticides, each variety expresses unique characteristics and flavor profiles. For MÜV patients, these traits satisfy both personal preferences and medicinal needs.",https://www.iheartjane.com/embed/stores/487/products/679843/muv-ssi95,https://v2.checkprojectstatus.com/Laravel/uploads/products/166115963516601173251656048139_8641.jpg,166115963516601173251656048139_8641.jpg,0,0,1000
muv_apollo_beach,Terp Pen,Gear,Vaporizers,Hybrid,,,,35,,Boundless,235289,"The Boundless Terp Pen is a discreet and ultraportable device that makes vaporizing concentrates quick and easy. Constructed from medical-grade stainless steel, the Boundless Terp Pen is durable and easy to clean. The ceramic coil helps deliver all of your concentrate’s flavor, without introducing outside tastes. Slightly larger than a ballpoint pen, the Boundless Terp Pen won’t draw any unwanted attention.Features:Instant Heat-Up TimeCompact & UltraportableButtonless OperationStainless Steel ConstructionCeramic Coil TechnologyBreath-Activated BatteryMagnetic CapEasy-To-Clean Design",https://www.iheartjane.com/embed/stores/487/products/235289/boundless-terp-pen,https://v2.checkprojectstatus.com/Laravel/uploads/products/166115963516601173251656048139_8641.jpg,166115963516601173251656048139_8641.jpg,0,0,1000
muv_apollo_beach,Battery and Charger,Gear,Vaporizers,Hybrid,,,,15,,MÜV,80512,Battery and USB charger for MÜV Püre cartridges with universal 510 threading. Battery has easy to use 5 click on and 5 click off push button function that deliver long lasting use between charges. Battery also has a  2 click preheat option to heat your cannabis oil to optimum temperature for vaping. No medicine comes with this product.,https://www.iheartjane.com/embed/stores/487/products/80512/muv-battery-charger,https://v2.checkprojectstatus.com/Laravel/uploads/products/166115963516601173251656048139_8641.jpg,166115963516601173251656048139_8641.jpg,0,0,1000
muv_apollo_beach,MuV Dart Battery,Gear,Vaporizers,Hybrid,,,,25,,MÜV,644451,The MÜV Dart Battery features industry leader CCELL® technology and advanced control systems for consistent and reliable medical marijuana dosing. ,https://www.iheartjane.com/embed/stores/487/products/644451/muv-muv-dart-battery,https://v2.checkprojectstatus.com/Laravel/uploads/products/166115963516601173251656048139_8641.jpg,166115963516601173251656048139_8641.jpg,0,0,1000
muv_apollo_beach,Puffco Classic Chamber,Gear,Accessories,Hybrid,,,,60,,Puffco,472816,"The Peak atomizer is a thermal-banger style, designed for optimal heat performance. It's made without the use of any coils, glues, plastics, or fibers, creating the purest consumption experience ever. It contains a ceramic bowl that provides the best possible flavor and heat profile.",https://www.iheartjane.com/embed/stores/487/products/472816/puffco-peak-pro-chamber,https://v2.checkprojectstatus.com/Laravel/uploads/products/166115963516601173251656048139_8641.jpg,166115963516601173251656048139_8641.jpg,0,0,1000
muv_apollo_beach,Puffco Plus,Gear,Vaporizers,Hybrid,,,,90,,Puffco,6663,"The Puffco Plus is a portable concentrate vaporizer that flavorfully replicates the dab experience. This highly awarded, hand-held device is perfect for those who are new to concentrates and seasoned users looking for a great mobile solution.The Plus mouthpiece combines a loading tool, splash guard, and carb cap all in one! The dart can be easily extended by pressing down on the silicone top, allowing you to scoop concentrates with ease.",https://www.iheartjane.com/embed/stores/487/products/6663/puffco-plus-device,https://v2.checkprojectstatus.com/Laravel/uploads/products/166115963516601173251656048139_8641.jpg,166115963516601173251656048139_8641.jpg,0,0,1000
muv_apollo_beach,Apple Juice,Pre-Roll,Pre Roll Packs,Hybrid,,15.60%,0.05%,45,,MÜV,879951," Reserve consists of exotic cultivars, extensively phenohunted (exception: M.A.C. 1) at the MÜV Cultivation for their striking features. Think of Reserve Pre-roll tins as the most convenient and affordable way to explore Reserve strains. Each 0.7-g cone is packed meticulously with our top-of-the-line cultivars, totaling an 3.5 g or 1/8th in weight.",https://www.iheartjane.com/embed/stores/487/products/879951/muv-apple-juice-7g,https://v2.checkprojectstatus.com/Laravel/uploads/products/166115963516601173251656048139_8641.jpg,166115963516601173251656048139_8641.jpg,0,0,1000
muv_apollo_beach,Cherry Punch,Pre-Roll,Pre Roll Packs,Hybrid,,16.98%,0.07%,35,,MÜV,1028672,"MÜV 5-Pack Pre-roll tins are the perfect solution for convenient, on-the-go medicating. Each pre-roll was finely crafted using only MÜV Premium Cannabis and biodegradable materials, and meticulously packed to burn evenly from start to finish.  Think of the tin as the most convenient 1/8th, containing 5 pre-rolls packaged and ready-to-go, measuring at 0.7 g each.",https://www.iheartjane.com/embed/stores/487/products/1028672/muv-cherry-punch-7g,https://v2.checkprojectstatus.com/Laravel/uploads/products/166115963516601173251656048139_8641.jpg,166115963516601173251656048139_8641.jpg,0,0,1000
muv_apollo_beach,Confetti Kush Cake,Pre-Roll,Pre Roll Packs,Hybrid,,17.37%,0.05%,45,,MÜV,879980," Reserve consists of exotic cultivars, extensively phenohunted (exception: M.A.C. 1) at the MÜV Cultivation for their striking features. Think of Reserve Pre-roll tins as the most convenient and affordable way to explore Reserve strains. Each 0.7-g cone is packed meticulously with our top-of-the-line cultivars, totaling an 3.5 g or 1/8th in weight.",https://www.iheartjane.com/embed/stores/487/products/879980/muv-confetti-kush-cake-7g,https://v2.checkprojectstatus.com/Laravel/uploads/products/166115963516601173251656048139_8641.jpg,166115963516601173251656048139_8641.jpg,0,0,1000
muv_apollo_beach,Durban Dream,Pre-Roll,Pre Rolls,Sativa,,16.34%,0.08%,8,,MÜV,965824,"Each MÜV .7 gram Pre-Roll is packaged in an airtight tube to ensure freshness as well as provide a convenient protective case. MÜV Premium Cannabis Flower is meticulously grown at a state-of-the-art indoor facility. Our flowers present a diverse spectrum of colors and aromas all delivered in a smooth burning smaller size. MÜV offers a variety of strains for our patients, each with unique qualities that satisfy a variety of needs",https://www.iheartjane.com/embed/stores/487/products/965824/muv-durban-dream-7g,https://v2.checkprojectstatus.com/Laravel/uploads/products/166115963516601173251656048139_8641.jpg,166115963516601173251656048139_8641.jpg,0,0,1000
muv_apollo_beach,Durban Dream,Pre-Roll,Pre Roll Packs,Sativa,,17.11%,0.07%,35,,MÜV,813107,"MÜV 5-Pack Pre-roll tins are the perfect solution for convenient, on-the-go medicating. Each pre-roll was finely crafted using only MÜV Premium Cannabis and biodegradable materials, and meticulously packed to burn evenly from start to finish.  Think of the tin as the most convenient 1/8th, containing 5 pre-rolls packaged and ready-to-go, measuring at 0.7 g each.",https://www.iheartjane.com/embed/stores/487/products/813107/muv-durban-dream-7g,https://v2.checkprojectstatus.com/Laravel/uploads/products/166115963516601173251656048139_8641.jpg,166115963516601173251656048139_8641.jpg,0,0,1000
muv_apollo_beach,Florida Triangle,Pre-Roll,Pre Roll Packs,Hybrid,,12.50%,0.06%,35,,MÜV,922681,"MÜV 5-Pack Pre-roll tins are the perfect solution for convenient, on-the-go medicating. Each pre-roll was finely crafted using only MÜV Premium Cannabis and biodegradable materials, and meticulously packed to burn evenly from start to finish.  Think of the tin as the most convenient 1/8th, containing 5 pre-rolls packaged and ready-to-go, measuring at 0.7 g each.",https://www.iheartjane.com/embed/stores/487/products/922681/muv-florida-triangle-7g,https://v2.checkprojectstatus.com/Laravel/uploads/products/166115963516601173251656048139_8641.jpg,166115963516601173251656048139_8641.jpg,0,0,1000
muv_apollo_beach,Grape Noir,Pre-Roll,Pre Roll Packs,Hybrid,,24.00%,0.06%,45,,MÜV,837287," Reserve consists of exotic cultivars, extensively phenohunted (exception: M.A.C. 1) at the MÜV Cultivation for their striking features. Think of Reserve Pre-roll tins as the most convenient and affordable way to explore Reserve strains. Each 0.7-g cone is packed meticulously with our top-of-the-line cultivars, totaling an 3.5 g or 1/8th in weight.",https://www.iheartjane.com/embed/stores/487/products/837287/muv-grape-noir-7g,https://v2.checkprojectstatus.com/Laravel/uploads/products/166115963516601173251656048139_8641.jpg,166115963516601173251656048139_8641.jpg,0,0,1000
muv_apollo_beach,Guru,Pre-Roll,Pre Roll Packs,Indica,,16.80%,0.07%,35,,MÜV,808543,"MÜV 5-Pack Pre-roll tins are the perfect solution for convenient, on-the-go medicating. Each pre-roll was finely crafted using only MÜV Premium Cannabis and biodegradable materials, and meticulously packed to burn evenly from start to finish.  Think of the tin as the most convenient 1/8th, containing 5 pre-rolls packaged and ready-to-go, measuring at 0.7 g each.",https://www.iheartjane.com/embed/stores/487/products/808543/muv-guru-10-7g,https://v2.checkprojectstatus.com/Laravel/uploads/products/166115963516601173251656048139_8641.jpg,166115963516601173251656048139_8641.jpg,0,0,1000
muv_apollo_beach,M.A.C.1,Pre-Roll,Pre Roll Packs,Hybrid,,20.50%,0.08%,45,,MÜV,800655," Reserve consists of exotic cultivars, extensively phenohunted (exception: M.A.C. 1) at the MÜV Cultivation for their striking features. Think of Reserve Pre-roll tins as the most convenient and affordable way to explore Reserve strains. Each 0.7-g cone is packed meticulously with our top-of-the-line cultivars, totaling an 3.5 g or 1/8th in weight.",https://www.iheartjane.com/embed/stores/487/products/800655/muv-mac-1-7g,https://v2.checkprojectstatus.com/Laravel/uploads/products/166115963516601173251656048139_8641.jpg,166115963516601173251656048139_8641.jpg,0,0,1000
muv_apollo_beach,Miss Daisy,Pre-Roll,Pre Roll Packs,Hybrid,,19.60%,0.06%,35,,MÜV,1028790,"MÜV 5-Pack Pre-roll tins are the perfect solution for convenient, on-the-go medicating. Each pre-roll was finely crafted using only MÜV Premium Cannabis and biodegradable materials, and meticulously packed to burn evenly from start to finish.  Think of the tin as the most convenient 1/8th, containing 5 pre-rolls packaged and ready-to-go, measuring at 0.7 g each.",https://www.iheartjane.com/embed/stores/487/products/1028790/muv-miss-daisy-7g,https://v2.checkprojectstatus.com/Laravel/uploads/products/166115963516601173251656048139_8641.jpg,166115963516601173251656048139_8641.jpg,0,0,1000
muv_apollo_beach,Punch Cookies,Pre-Roll,Pre Roll Packs,Hybrid,,16.30%,,35,,MÜV,1025196,"MÜV 5-Pack Pre-roll tins are the perfect solution for convenient, on-the-go medicating. Each pre-roll was finely crafted using only MÜV Premium Cannabis and biodegradable materials, and meticulously packed to burn evenly from start to finish.  Think of the tin as the most convenient 1/8th, containing 5 pre-rolls packaged and ready-to-go, measuring at 0.7 g each.",https://www.iheartjane.com/embed/stores/487/products/1025196/muv-punch-cookies-7g,https://v2.checkprojectstatus.com/Laravel/uploads/products/166115963516601173251656048139_8641.jpg,166115963516601173251656048139_8641.jpg,0,0,1000
muv_apollo_beach,Root Beer Cream Cake,Pre-Roll,Pre Rolls,Hybrid,,17.70%,,10,,MÜV,1010626,"Think of Verano Reserve Pre-rolls as the most convenient and affordable way to explore Reserve - the exclusive strains, exotic cultivars, extensively phenohunted. Each 0.7-g cone is packed meticulously with our top-of-the-line cultivars.",https://www.iheartjane.com/embed/stores/487/products/1010626/muv-root-beer-cream-cake-7g,https://v2.checkprojectstatus.com/Laravel/uploads/products/166115963516601173251656048139_8641.jpg,166115963516601173251656048139_8641.jpg,0,0,1000
muv_apollo_beach,Root Beer Cream Cake,Pre-Roll,Pre Roll Packs,Hybrid,,22.60%,0.06%,45,,MÜV,899826," Reserve consists of exotic cultivars, extensively phenohunted (exception: M.A.C. 1) at the MÜV Cultivation for their striking features. Think of Reserve Pre-roll tins as the most convenient and affordable way to explore Reserve strains. Each 0.7-g cone is packed meticulously with our top-of-the-line cultivars, totaling an 3.5 g or 1/8th in weight.",https://www.iheartjane.com/embed/stores/487/products/899826/muv-root-beer-cream-cake-7g,https://v2.checkprojectstatus.com/Laravel/uploads/products/166115963516601173251656048139_8641.jpg,166115963516601173251656048139_8641.jpg,0,0,1000
muv_apollo_beach,Space Mints,Pre-Roll,Pre Roll Packs,Hybrid,,26.85%,0.16%,45,,MÜV,1004417," Reserve consists of exotic cultivars, extensively phenohunted (exception: M.A.C. 1) at the MÜV Cultivation for their striking features. Think of Reserve Pre-roll tins as the most convenient and affordable way to explore Reserve strains. Each 0.7-g cone is packed meticulously with our top-of-the-line cultivars, totaling an 3.5 g or 1/8th in weight.",https://www.iheartjane.com/embed/stores/487/products/1004417/muv-space-mints-7g,https://v2.checkprojectstatus.com/Laravel/uploads/products/166115963516601173251656048139_8641.jpg,166115963516601173251656048139_8641.jpg,0,0,1000
muv_apollo_beach,Triangle Kush,Pre-Roll,Pre Roll Packs,Indica,,18.05%,0.06%,35,,MÜV,812535,"MÜV 5-Pack Pre-roll tins are the perfect solution for convenient, on-the-go medicating. Each pre-roll was finely crafted using only MÜV Premium Cannabis and biodegradable materials, and meticulously packed to burn evenly from start to finish.  Think of the tin as the most convenient 1/8th, containing 5 pre-rolls packaged and ready-to-go, measuring at 0.7 g each.",https://www.iheartjane.com/embed/stores/487/products/812535/muv-triangle-kush-7g,https://v2.checkprojectstatus.com/Laravel/uploads/products/166115963516601173251656048139_8641.jpg,166115963516601173251656048139_8641.jpg,0,0,1000
muv_apollo_beach,1:1 EnCaps™ Tincture,Oral,Sublinguals,Hybrid,,150mg,150mg,40,,MÜV,82587,"MÜV 1:1 Tincture offers relief from a variety of physical and psychological ailments because it’s a balanced mix of cannabinoids. This formulation provides the benefits of both THC and CBD, with less of the psychoactive effects commonly associated with THC. Because this tincture is water-soluble, it mixes well with liquids.All MÜV Tinctures have a patented encapsulation technology for efficient dosing and can be dosed sublingually, as well as mixed with foods and liquids.Please note, this product contains trace amounts of alcohol.",https://www.iheartjane.com/embed/stores/487/products/82587/muv-1-1-150mg-cbd-150mg-thc,https://v2.checkprojectstatus.com/Laravel/uploads/products/166115963516601173251656048139_8641.jpg,166115963516601173251656048139_8641.jpg,0,0,1000
muv_apollo_beach,CBD EnCaps™ Tincture,Oral,Sublinguals,Hybrid,,,300mg,40,,MÜV,82588,"MÜV CBD Tincture is an efficient aid for both inflammation and anxiety. Because this tincture is water-soluble, it mixes well with liquids. Unlike THC, CBD does not produce any of the psychoactive effects commonly associated with cannabis. Therefore, this cannabinoid is extremely popular among patients.All MÜV Tinctures have a patented encapsulation technology for efficient dosing and can be dosed sublingually, as well as mixed with foods and liquids.",https://www.iheartjane.com/embed/stores/487/products/82588/muv-cbd-300mg,https://v2.checkprojectstatus.com/Laravel/uploads/products/166115963516601173251656048139_8641.jpg,166115963516601173251656048139_8641.jpg,0,0,1000
muv_apollo_beach,Florida Triangle,Oral,Sublinguals,Hybrid,,,,65,,MÜV,1088524,"MÜV RSO Tincture offers an ideal way to ease into RSO for patients who haven’t tried that potent formof cannabis. Dropper-based dosing allows patients to gradually increase the dosage to find just the rightlevel for their unique symptom relief, with even finer control than is found with syringe-based delivery. MÜVStrain-specific RSO Tinctures offer the full complement of terpenes and cannabinoidsunique to each strain used.",https://www.iheartjane.com/embed/stores/487/products/1088524/muv-florida-triangle-600mg,https://v2.checkprojectstatus.com/Laravel/uploads/products/166115963516601173251656048139_8641.jpg,166115963516601173251656048139_8641.jpg,0,0,1000
muv_apollo_beach,Guru,Oral,Sublinguals,Indica,,,,65,,MÜV,578817,"MÜV RSO Tincture offers an ideal way to ease into RSO for patients who haven’t tried that potent formof cannabis. Dropper-based dosing allows patients to gradually increase the dosage to find just the rightlevel for their unique symptom relief, with even finer control than is found with syringe-based delivery. MÜVStrain-specific RSO Tinctures offer the full complement of terpenes and cannabinoidsunique to each strain used.",https://www.iheartjane.com/embed/stores/487/products/578817/muv-guru-600mg,https://v2.checkprojectstatus.com/Laravel/uploads/products/166115963516601173251656048139_8641.jpg,166115963516601173251656048139_8641.jpg,0,0,1000
muv_apollo_beach,London Pound Mints,Oral,Sublinguals,Hybrid,,,,65,,MÜV,771121,"MÜV RSO Tincture offers an ideal way to ease into RSO for patients who haven’t tried that potent formof cannabis. Dropper-based dosing allows patients to gradually increase the dosage to find just the rightlevel for their unique symptom relief, with even finer control than is found with syringe-based delivery. MÜVStrain-specific RSO Tinctures offer the full complement of terpenes and cannabinoidsunique to each strain used.",https://www.iheartjane.com/embed/stores/487/products/771121/muv-london-pound-mints-600mg,https://v2.checkprojectstatus.com/Laravel/uploads/products/166115963516601173251656048139_8641.jpg,166115963516601173251656048139_8641.jpg,0,0,1000
muv_apollo_beach,RSO EnCaps™ Capsules,Oral,Oral Capsules,Hybrid,,,,80,,MÜV,214544,"MÜV RSO capsules contain all components of the cannabis flower, including cannabinoids, terpenes, flavonoids, chlorophyll and lipids.MÜV RSO Capsules offer a smoke-free delivery method that ensures the utilization of these diverse compounds. In utilizing MÜV EnCap technology, these capsules ensure a quicker onset time than is found with most orally consumed cannabis products. By improving cannabinoid absorption, MÜV RSO capsules make certain that patients receive the full analgesic and potentially anti-cancerous effects of the medicine.While MÜV RSO Capsules offer precision dosing, they are not recommended for new medical cannabis patients or those who have not used the MÜV RSO Syringe.",https://www.iheartjane.com/embed/stores/487/products/214544/muv-rso-encaps-30pk-750mg,https://v2.checkprojectstatus.com/Laravel/uploads/products/166115963516601173251656048139_8641.jpg,166115963516601173251656048139_8641.jpg,0,0,1000
muv_apollo_beach,THC EnCaps™ Capsules,Oral,Oral Capsules,Hybrid,,,,45,,MÜV,267363,"MÜV THC EnCaps are for patients who prioritize a smoke-free, consistently dosed format that is both long-lasting and fast-acting, MÜV EnCaps capsules are an ideal option. Our process uses patented EnCaps™ encapsulation technology to make cannabinoids water-soluble and therefore more absorbable. This dramatically improves both onset time and overall bioavailability, creating a highly effective THC Capsule.",https://www.iheartjane.com/embed/stores/487/products/267363/muv-thc-encaps-30pk-300mg,https://v2.checkprojectstatus.com/Laravel/uploads/products/166115963516601173251656048139_8641.jpg,166115963516601173251656048139_8641.jpg,0,0,1000
muv_apollo_beach,THC EnCaps™ Tincture,Oral,Sublinguals,Hybrid,,,,40,,MÜV,82589,"MÜV THC Tincture is an effective, natural remedy for pain management, muscle spasticity, and nausea treatment. Because this tincture is water-soluble, it mixes well with liquids. Please note, THC produces the euphoric feeling commonly associated with cannabis useAll MÜV Tinctures have a patented encapsulation technology for efficient dosing and can be dosed sublingually, as well as mixed with foods and liquids.Note, this product contains trace alcohol amounts.",https://www.iheartjane.com/embed/stores/487/products/82589/muv-thc-300mg,https://v2.checkprojectstatus.com/Laravel/uploads/products/166115963516601173251656048139_8641.jpg,166115963516601173251656048139_8641.jpg,0,0,1000
muv_apollo_beach,THC Oral Spray,Oral,Sprays,Hybrid,,,,35,,MÜV,672737,"MÜV Oral Spray offers an easy-to-dose option for smoke-free delivery of medical cannabis, giving patients a reliable microdosing option.This sublingual delivery method is easy-to-titrate and provides a full-body effect with rapid onset – simply spray under the tongue, hold for a moment and swallow. Oral Spray delivers isolated cannabinoids and has a mild orange mint flavoring.",https://www.iheartjane.com/embed/stores/487/products/672737/muv-thc-250mg,https://v2.checkprojectstatus.com/Laravel/uploads/products/166115963516601173251656048139_8641.jpg,166115963516601173251656048139_8641.jpg,0,0,1000
muv_apollo_beach,1:1 Evolve Gel ,Topical,Gels,Hybrid,,250mg,250mg,65,,MÜV,48405,"MÜV Evolve is a patented encapsulated technology product that delivers cannabinoid gel through the skin and directly into the bloodstream. This cutting-edge delivery method provides patients a metered application of cannabinoids, free of both smoke and inhalation. Because it is balanced with both THC and CBD, the 1:1 formulation is an ideal macrodose treatment for a wide variety of ailments.MÜV provides a discreet, metered pump for our transdermal gels. It delivers a 15 mg dose per pump and is small enough to fit in your pocket.",https://www.iheartjane.com/embed/stores/487/products/48405/muv-1-1-evolve-gel-250mg-cbd-250mg-thc,https://v2.checkprojectstatus.com/Laravel/uploads/products/166115963516601173251656048139_8641.jpg,166115963516601173251656048139_8641.jpg,0,0,1000
muv_apollo_beach,72 Hour Transdermal Patch 1:1,Topical,Patches,Hybrid,,10mg,10mg,15,,MÜV,82428,"The MÜV Transdermal 72 Hour THC:CBD 1:1 Patch is an ideal option for patients seeking smoke-free, steady-release medical cannabis. Because it is balanced with both THC and CBD, the 1:1 formulation is an ideal treatment for a wide variety of ailments. Importantly, patients enjoy this formulation because it offers the synergistic blend of both compounds.In creating MÜV Evolve Transdermal Patches, we combined our industry-leading formulations with state-of-the-art encapsulated delivery methods. Resultantly, they provide unmatched cannabinoid permeability, distributed in a controlled 72 hour release at 0.24 mg per hour. When removed, effects subside in 30 minutes. Finally, our patches are engineered for use in everyday life, they can be worn discreetly beneath clothes as well as in the shower.",https://www.iheartjane.com/embed/stores/487/products/82428/muv-transdermal-patch-thc-cbd-10mg-cbd-10mg-thc,https://v2.checkprojectstatus.com/Laravel/uploads/products/166115963516601173251656048139_8641.jpg,166115963516601173251656048139_8641.jpg,0,0,1000
muv_apollo_beach,72 Hour Transdermal Patch CBD,Topical,Patches,Hybrid,,,20mg,15,,MÜV,82596,"The MÜV Transdermal 72 Hour patch is an ideal option for patients seeking smoke-free, steady-release medical cannabis. CBD is an extremely diverse natural compound, it offers relief from such ailments as anxiety, insomnia, chronic pain, and many more. In addition, many patients favor CBD because it does not express the psychoactive effects of THC.In creating MÜV Evolve Transdermal Patches, we combined our industry-leading formulations with state-of-the-art encapsulated delivery methods. Resultantly, they provide unmatched cannabinoid permeability, distributed in a controlled 72 hour release at 0.24 mg per hour. When removed, effects subside in 30 minutes. Finally, our patches are engineered for use in everyday life, they can be worn discreetly beneath clothes as well as in the shower.",https://www.iheartjane.com/embed/stores/487/products/82596/muv-cbd-72-hour-patch-20mg,https://v2.checkprojectstatus.com/Laravel/uploads/products/166115963516601173251656048139_8641.jpg,166115963516601173251656048139_8641.jpg,0,0,1000
muv_apollo_beach,72 Hour Transdermal Patch THC,Topical,Patches,Hybrid,,,,15,,MÜV,82597,"The MÜV Transdermal 72 Hour THC Patch is an ideal option for patients seeking smoke-free, steady-release medical cannabis. THC is an effective natural medicine for such ailments as chronic pain, muscle spasticity, nausea, and many more. It also produces the euphoric feeling commonly associated with cannabis.In creating MÜV Evolve Transdermal Patches, we combined our industry-leading formulations with state-of-the-art encapsulated delivery methods. Resultantly, they provide unmatched cannabinoid permeability, distributed in a controlled 72 hour release at 0.24 mg per hour. When removed, effects subside in 30 minutes. Finally, our patches are engineered for use in everyday life, they can be worn discreetly beneath clothes as well as in the shower.",https://www.iheartjane.com/embed/stores/487/products/82597/muv-thc-72-hour-patch-20mg,https://v2.checkprojectstatus.com/Laravel/uploads/products/166115963516601173251656048139_8641.jpg,166115963516601173251656048139_8641.jpg,0,0,1000
muv_apollo_beach,Ease Oil THC ,Topical,Intimates,Hybrid,,,,35,,MÜV,744155,"Cannabis-infused Ease Oil for her ensures personal care starts down there. THC brings unique topical effects to her most sensitive areas during all stages of life, potentially easing discomfort and dryness, and CBD brings anti-inflammatory properties, all while bringing pleasure and intimacy to new heights.  ??Note: Ease is for patients only. Not for use with latex condoms.",https://www.iheartjane.com/embed/stores/487/products/744155/muv-ease-thc,https://v2.checkprojectstatus.com/Laravel/uploads/products/166115963516601173251656048139_8641.jpg,166115963516601173251656048139_8641.jpg,0,0,1000
muv_apollo_beach,THC Evolve Gel ,Topical,Gels,Hybrid,,,,65,,MÜV,82591,"MÜV Evolve is an encapsulated technology product that delivers cannabinoid gel through the skin and directly to the bloodstream. This cutting-edge delivery method provides patients a metered application of cannabinoids, free of both smoke and inhalation. The THC gel formulation is ideal as a macrodose treatment for pain.MÜV provides a discreet, metered pump for our transdermal gels. It delivers a 15 mg dose per pump and is small enough to fit in your pocket.",https://www.iheartjane.com/embed/stores/487/products/82591/muv-thc-evolve-gel-500mg,https://v2.checkprojectstatus.com/Laravel/uploads/products/166115963516601173251656048139_8641.jpg,166115963516601173251656048139_8641.jpg,0,0,1000
muv_apollo_beach,Modified Grapes #6,Vape,Cartridges,Indica,0.5g,74.22%,0.37%,55,,MÜV,1076247,"MÜV Live Resin Vape Cartridges deliver our heaviest hitting oil with all the taste and therapeutic effects of MÜV Premium Flower, housed in a convenient 510 thread CCELL® cartridge. MÜV Live Resin Cartridges offer an unparalleled vaporization experience with our strain-specific, hydrocarbon-extracted concentrates.",https://www.iheartjane.com/embed/stores/487/products/1076247/muv-modified-grapes-6,https://v2.checkprojectstatus.com/Laravel/uploads/products/166115963516601173251656048139_8641.jpg,166115963516601173251656048139_8641.jpg,0,0,1000
muv_apollo_beach,Apple Juice,Vape,Disposables,Hybrid,,78.03%,0.60%,35,,MÜV,992170,"MÜV All-in-One disposable vape pens deliver our highest quality cannabis oil through a convenient, ready-to-use product. At MÜV, we know that quality cannabis oil demands quality hardware. Therefore, MÜV All-in-One pens are reliable and consistent - they are free of buttons and feature robust ceramic atomizers. This is an ideal on-the-go product.",https://www.iheartjane.com/embed/stores/487/products/992170/muv-apple-juice-300mg,https://v2.checkprojectstatus.com/Laravel/uploads/products/166115963516601173251656048139_8641.jpg,166115963516601173251656048139_8641.jpg,0,0,1000
muv_apollo_beach,Banana Hammock,Vape,Disposables,Indica,,86.87%,0.55%,35,,MÜV,94868,"MÜV All-in-One disposable vape pens deliver our highest quality cannabis oil through a convenient, ready-to-use product. At MÜV, we know that quality cannabis oil demands quality hardware. Therefore, MÜV All-in-One pens are reliable and consistent - they are free of buttons and feature robust ceramic atomizers. This is an ideal on-the-go product.",https://www.iheartjane.com/embed/stores/487/products/94868/muv-banana-hammock-300mg,https://v2.checkprojectstatus.com/Laravel/uploads/products/166115963516601173251656048139_8641.jpg,166115963516601173251656048139_8641.jpg,0,0,1000
muv_apollo_beach,Birthday Legend ,Vape,Cartridges,Hybrid,0.5g,80.41%,0.31%,55,,MÜV,1106686,"MÜV Live Resin Vape Cartridges deliver our heaviest hitting oil with all the taste and therapeutic effects of MÜV Premium Flower, housed in a convenient 510 thread CCELL® cartridge. MÜV Live Resin Cartridges offer an unparalleled vaporization experience with our strain-specific, hydrocarbon-extracted concentrates.",https://www.iheartjane.com/embed/stores/487/products/1106686/muv-birthday-legend,https://v2.checkprojectstatus.com/Laravel/uploads/products/166115963516601173251656048139_8641.jpg,166115963516601173251656048139_8641.jpg,0,0,1000
muv_apollo_beach,Black Mamba ,Vape,Cartridges,Indica,0.5g,85.04%,0.05%,45,,MÜV,312146,"(Indica, blue): A strain known for its calming sedative effects, Black Mamba offers a smooth sweet grape flavor.Combining our premium distillate with cannabis-derived and botanical terpenes, MÜV PÜRE delivers our highest potency, strain-specific vaporizer option. Color-coded PÜRE vape cartridges are ideal for fast-acting treatment options and are available in Indica (blue), Sativa (yellow), Hybrid (green), and High CBD (clear), and use industry-leading CCell® for a reliable and high quality performance.",https://www.iheartjane.com/embed/stores/487/products/312146/muv-black-mamba,https://v2.checkprojectstatus.com/Laravel/uploads/products/166115963516601173251656048139_8641.jpg,166115963516601173251656048139_8641.jpg,0,0,1000
muv_apollo_beach,Blueberry,Vape,Cartridges,Indica,0.5g,75.80%,0.54%,45,,MÜV,105881,"(Indica, blue): with a name to match the beautiful blue and purple Blueberry flowers blooming in MÜV’s garden, this strain is perfect for those nighttime blues. A subtle blueberry flavor will start with relaxation and lead into a full slumber.Combining our premium distillate with cannabis-derived and botanical terpenes, MÜV PÜRE delivers our highest potency, strain-specific vaporizer option. Color-coded PÜRE vape cartridges are ideal for fast-acting treatment options and are available in Indica (blue), Sativa (yellow), Hybrid (green), and High CBD (clear), and use industry-leading CCell® for a reliable and high quality performance.",https://www.iheartjane.com/embed/stores/487/products/105881/muv-blueberry,https://v2.checkprojectstatus.com/Laravel/uploads/products/166115963516601173251656048139_8641.jpg,166115963516601173251656048139_8641.jpg,0,0,1000
muv_apollo_beach,Canna Tsu,Vape,Cartridges,Hybrid,0.5g,41.92%,41.62%,45,,MÜV,105879,"(High CBD, clear): a high CBD strain from MÜV’s garden with a balanced 1:1 THC/CBD ratio and an earthy terpene profile. The effects are cerebral and provide a great option for morning to nighttime relief.Combining our premium distillate with cannabis-derived and botanical terpenes, MÜV PÜRE delivers our highest potency, strain-specific vaporizer option. Color-coded PÜRE vape cartridges are ideal for fast-acting treatment options and are available in Indica (blue), Sativa (yellow), Hybrid (green), and High CBD (clear), and use industry-leading CCell® for a reliable and high-quality performance.",https://www.iheartjane.com/embed/stores/487/products/105879/muv-1-1-canna-tsu,https://v2.checkprojectstatus.com/Laravel/uploads/products/166115963516601173251656048139_8641.jpg,166115963516601173251656048139_8641.jpg,0,0,1000
muv_apollo_beach,Clementine,Vape,Cartridges,Sativa,0.5g,77.24%,0.76%,50,,MÜV,466205,"MÜV Plus vape delivers our highest quality cannabis oil in reliable 510 thread CCELL® cartridges. Crafted from our MÜV Premium Flower and available in a variety of rotating strains, MÜV Plus offers unrivaled vape distillate enhanced by strain-specific extract for a true-to-flower vaping experience. The result is a potent, fast-acting and terpene-rich medical cannabis option.",https://www.iheartjane.com/embed/stores/487/products/466205/muv-clementine,https://v2.checkprojectstatus.com/Laravel/uploads/products/166115963516601173251656048139_8641.jpg,166115963516601173251656048139_8641.jpg,0,0,1000
muv_apollo_beach,Clementine,Vape,Disposables,Sativa,,88.88%,0.35%,35,,MÜV,272078,"MÜV All-in-One disposable vape pens deliver our highest quality cannabis oil through a convenient, ready-to-use product. At MÜV, we know that quality cannabis oil demands quality hardware. Therefore, MÜV All-in-One pens are reliable and consistent - they are free of buttons and feature robust ceramic atomizers. This is an ideal on-the-go product.",https://www.iheartjane.com/embed/stores/487/products/272078/muv-clementine-300mg,https://v2.checkprojectstatus.com/Laravel/uploads/products/166115963516601173251656048139_8641.jpg,166115963516601173251656048139_8641.jpg,0,0,1000
muv_apollo_beach,Confetti Kush Cake,Vape,Cartridges,Hybrid,0.5g,78.95%,0.53%,50,,MÜV,974460,"MÜV Plus vape delivers our highest quality cannabis oil in reliable 510 thread CCELL® cartridges. Crafted from our MÜV Premium Flower and available in a variety of rotating strains, MÜV Plus offers unrivaled vape distillate enhanced by strain-specific extract for a true-to-flower vaping experience. The result is a potent, fast-acting and terpene-rich medical cannabis option.",https://www.iheartjane.com/embed/stores/487/products/974460/muv-confetti-kush-cake,https://v2.checkprojectstatus.com/Laravel/uploads/products/166115963516601173251656048139_8641.jpg,166115963516601173251656048139_8641.jpg,0,0,1000
muv_apollo_beach,Durban Dream,Vape,Disposables,Sativa,,81.06%,0.18%,35,,MÜV,650921,"MÜV All-in-One disposable vape pens deliver our highest quality cannabis oil through a convenient, ready-to-use product. At MÜV, we know that quality cannabis oil demands quality hardware. Therefore, MÜV All-in-One pens are reliable and consistent - they are free of buttons and feature robust ceramic atomizers. This is an ideal on-the-go product.",https://www.iheartjane.com/embed/stores/487/products/650921/muv-durban-dream-300mg,https://v2.checkprojectstatus.com/Laravel/uploads/products/166115963516601173251656048139_8641.jpg,166115963516601173251656048139_8641.jpg,0,0,1000
muv_apollo_beach,Durban Dream,Vape,Cartridges,Sativa,0.5g,79.00%,0.36%,55,,MÜV,1096883,"MÜV Live Resin Vape Cartridges deliver our heaviest hitting oil with all the taste and therapeutic effects of MÜV Premium Flower, housed in a convenient 510 thread CCELL® cartridge. MÜV Live Resin Cartridges offer an unparalleled vaporization experience with our strain-specific, hydrocarbon-extracted concentrates.",https://www.iheartjane.com/embed/stores/487/products/1096883/muv-durban-dream,https://v2.checkprojectstatus.com/Laravel/uploads/products/166115963516601173251656048139_8641.jpg,166115963516601173251656048139_8641.jpg,0,0,1000
muv_apollo_beach,Grape Ape,Vape,Specialty Pods,Indica,0.5g,73.56%,0.42%,45,,MÜV,644349,"Grape Ape is an indica strain that has a soft taste of its namesake on inhale, with pepper and pine on exhale. Grape Ape may lend a deep relaxation to both body and mind, with potentially sedating effects. ",https://www.iheartjane.com/embed/stores/487/products/644349/muv-grape-ape,https://v2.checkprojectstatus.com/Laravel/uploads/products/166115963516601173251656048139_8641.jpg,166115963516601173251656048139_8641.jpg,0,0,1000
muv_apollo_beach,London Pound Mints,Vape,Cartridges,Hybrid,0.5g,85.46%,0.78%,50,,MÜV,895769,"MÜV Plus vape delivers our highest quality cannabis oil in reliable 510 thread CCELL® cartridges. Crafted from our MÜV Premium Flower and available in a variety of rotating strains, MÜV Plus offers unrivaled vape distillate enhanced by strain-specific extract for a true-to-flower vaping experience. The result is a potent, fast-acting and terpene-rich medical cannabis option.",https://www.iheartjane.com/embed/stores/487/products/895769/muv-london-pound-mints,https://v2.checkprojectstatus.com/Laravel/uploads/products/166115963516601173251656048139_8641.jpg,166115963516601173251656048139_8641.jpg,0,0,1000
muv_apollo_beach,Mango Kush,Vape,Specialty Pods,Hybrid,0.5g,80.07%,0.39%,45,,MÜV,1026586,"Mango Kush Dart Pod bursts with mango flavor, followed by a soft hint of pine. The strain provides uplifting, cerebral effects on the onset that gently fade to relaxation, making it an ideal option for any time of day.",https://www.iheartjane.com/embed/stores/487/products/1026586/muv-mango-kush,https://v2.checkprojectstatus.com/Laravel/uploads/products/166115963516601173251656048139_8641.jpg,166115963516601173251656048139_8641.jpg,0,0,1000
muv_apollo_beach,Maui Wowie,Vape,Cartridges,Sativa,0.5g,76.30%,0.31%,45,,MÜV,105882,"(Sativa, yellow): like a fresh basket of tropical fruit, these exotic terpenes will awake your senses and melt away stress. Great for those who are in need of creative inspiration or just a pick-me-up during the day.Combining our premium distillate with cannabis-derived and botanical terpenes, MÜV PÜRE delivers our highest potency, strain-specific vaporizer option. Color-coded PÜRE vape cartridges are ideal for fast-acting treatment options and are available in Indica (blue), Sativa (yellow), Hybrid (green), and High CBD (clear), and use industry-leading CCell® for a reliable and high quality performance.",https://www.iheartjane.com/embed/stores/487/products/105882/muv-maui-wowie,https://v2.checkprojectstatus.com/Laravel/uploads/products/166115963516601173251656048139_8641.jpg,166115963516601173251656048139_8641.jpg,0,0,1000
muv_apollo_beach,Metered Dose Inhaler 1-1,Vape,Inhalation,Hybrid,0.5g,200mg,200mg,50,,MÜV,82561,"The MÜV THC/CBD 1:1 Inhaler is a familiar and easy-to-use device.  It is used just like a traditional inhaler and  provides an ideal solution for the fast, controlled delivery of medical cannabis. The device optimizes dosing and reduces the harshness seen with other inhalers, while also helping patients avoid the smells that come with smoking cannabis.The 200 mg THC / 200 mg CBD Inhaler delivers a metered dose with each usage. To this end, it wastes no medicine, while also giving patients reliable and predictable results. The 1:1 formulation provides the synergistic effects of both THC and CBD.",https://www.iheartjane.com/embed/stores/487/products/82561/muv-metered-dose-inhaler-200mg-cbd-200mg-thc,https://v2.checkprojectstatus.com/Laravel/uploads/products/166115963516601173251656048139_8641.jpg,166115963516601173251656048139_8641.jpg,0,0,1000
muv_apollo_beach,Metered Dose Inhaler THC,Vape,Inhalation,Hybrid,0.5g,400mg,,50,,MÜV,657574,"The MÜV THC Inhaler is a familiar and easy-to-use device. It is used just like a traditional inhaler and  provides an ideal solution for the fast, controlled delivery of medical cannabis. The device optimizes dosing and reduces the harshness seen with other inhalers, while also helping patients avoid the smells that come with smoking cannabis.The 400 mg THC Inhaler delivers a metered dose with each usage. To this end, it wastes no medicine, while also giving patients reliable and predictable results. The THC formulation also presents a fast acting microdose solution when needed.",https://www.iheartjane.com/embed/stores/487/products/657574/muv-metered-dose-inhaler-400mg-thc,https://v2.checkprojectstatus.com/Laravel/uploads/products/166115963516601173251656048139_8641.jpg,166115963516601173251656048139_8641.jpg,0,0,1000
muv_apollo_beach,Modified Grapes #6,Vape,Cartridges,Indica,0.5g,74.22%,0.37%,55,,MÜV,1076247,"MÜV Live Resin Vape Cartridges deliver our heaviest hitting oil with all the taste and therapeutic effects of MÜV Premium Flower, housed in a convenient 510 thread CCELL® cartridge. MÜV Live Resin Cartridges offer an unparalleled vaporization experience with our strain-specific, hydrocarbon-extracted concentrates.",https://www.iheartjane.com/embed/stores/487/products/1076247/muv-modified-grapes-6,https://v2.checkprojectstatus.com/Laravel/uploads/products/166115963516601173251656048139_8641.jpg,166115963516601173251656048139_8641.jpg,0,0,1000
muv_apollo_beach,Northern Light,Vape,Specialty Pods,Indica,0.5g,73.52%,0.56%,45,,MÜV,644354,"Northern Lights is an indica strain with reported euphoria at the onset of effects, fading to a soft, relaxing cerebral experience. The strong taste of pine enhances the Northern Lights experience. ",https://www.iheartjane.com/embed/stores/487/products/644354/muv-northern-lights,https://v2.checkprojectstatus.com/Laravel/uploads/products/166115963516601173251656048139_8641.jpg,166115963516601173251656048139_8641.jpg,0,0,1000
muv_apollo_beach,OG Kush,Vape,Cartridges,Hybrid,0.5g,84.32%,0.52%,45,,MÜV,105880,"(Hybrid, green): a well-known hybrid with floral and citrus notes. This 100% cannabis-derived terpenes vape is great for use any time of the day.Combining our premium distillate with cannabis-derived and botanical terpenes, MÜV PÜRE delivers our highest potency, strain-specific vaporizer option. Color-coded PÜRE vape cartridges are ideal for fast-acting treatment options and are available in Indica (blue), Sativa (yellow), Hybrid (green), and High CBD (clear), and use industry-leading CCell® for a reliable and high quality performance.",https://www.iheartjane.com/embed/stores/487/products/105880/muv-og-kush,https://v2.checkprojectstatus.com/Laravel/uploads/products/166115963516601173251656048139_8641.jpg,166115963516601173251656048139_8641.jpg,0,0,1000
muv_apollo_beach,Pineapple Express,Vape,Specialty Pods,Hybrid,0.5g,78.86%,0.38%,45,,MÜV,644352,Pineapple Express is an infamous hybrid strain is known to provide uplifting effects and a burst of creativity-fueled energy. Patients can expect notes of pineapple and pine when medicating with Pineapple Express. ,https://www.iheartjane.com/embed/stores/487/products/644352/muv-pineapple-express,https://v2.checkprojectstatus.com/Laravel/uploads/products/166115963516601173251656048139_8641.jpg,166115963516601173251656048139_8641.jpg,0,0,1000
muv_apollo_beach,Rainmaker,Vape,Disposables,Hybrid,,84.90%,0.50%,35,,MÜV,118774,"MÜV All-in-One disposable vape pens deliver our highest quality cannabis oil through a convenient, ready-to-use product. At MÜV, we know that quality cannabis oil demands quality hardware. Therefore, MÜV All-in-One pens are reliable and consistent - they are free of buttons and feature robust ceramic atomizers. This is an ideal on-the-go product.",https://www.iheartjane.com/embed/stores/487/products/118774/muv-rainmaker-300mg,https://v2.checkprojectstatus.com/Laravel/uploads/products/166115963516601173251656048139_8641.jpg,166115963516601173251656048139_8641.jpg,0,0,1000
muv_apollo_beach,Slurricane,Vape,Cartridges,Indica,0.5g,81.12%,0.41%,50,,MÜV,712778,"MÜV Plus vape delivers our highest quality cannabis oil in reliable 510 thread CCELL® cartridges. Crafted from our MÜV Premium Flower and available in a variety of rotating strains, MÜV Plus offers unrivaled vape distillate enhanced by strain-specific extract for a true-to-flower vaping experience. The result is a potent, fast-acting and terpene-rich medical cannabis option.",https://www.iheartjane.com/embed/stores/487/products/712778/muv-slurricane,https://v2.checkprojectstatus.com/Laravel/uploads/products/166115963516601173251656048139_8641.jpg,166115963516601173251656048139_8641.jpg,0,0,1000
muv_apollo_beach,Super Silver Haze,Vape,Specialty Pods,Sativa,0.5g,75.85%,0.48%,45,,MÜV,644351,"Super Silver Haze is a sativa strain said to provide uplifting and cerebral effects. Patients can expect notes of citrus, pine, and earth from the strain. ",https://www.iheartjane.com/embed/stores/487/products/644351/muv-super-silver-haze,https://v2.checkprojectstatus.com/Laravel/uploads/products/166115963516601173251656048139_8641.jpg,166115963516601173251656048139_8641.jpg,0,0,1000
muv_apollo_beach,Tangie,Vape,Cartridges,Sativa,0.5g,75.00%,0.54%,45,,MÜV,312145,"(Sativa, yellow): Tangie is an uplifting Sativa with a Tangerine citrus note containing terpenes limonene and terpinolene that help stimulate a sense of alertness.Combining our premium distillate with cannabis-derived and botanical terpenes, MÜV PÜRE delivers our highest potency, strain-specific vaporizer option. Color-coded PÜRE vape cartridges are ideal for fast-acting treatment options and are available in Indica (blue), Sativa (yellow), Hybrid (green), and High CBD (clear), and use industry-leading CCell® for a reliable and high quality performance.",https://www.iheartjane.com/embed/stores/487/products/312145/muv-tangie,https://v2.checkprojectstatus.com/Laravel/uploads/products/166115963516601173251656048139_8641.jpg,166115963516601173251656048139_8641.jpg,0,0,1000
muv_apollo_beach,Triangle Kush,Vape,Disposables,Indica,,90.86%,0.47%,35,,MÜV,266704,"MÜV All-in-One disposable vape pens deliver our highest quality cannabis oil through a convenient, ready-to-use product. At MÜV, we know that quality cannabis oil demands quality hardware. Therefore, MÜV All-in-One pens are reliable and consistent - they are free of buttons and feature robust ceramic atomizers. This is an ideal on-the-go product.",https://www.iheartjane.com/embed/stores/487/products/266704/muv-triangle-kush-300mg,https://v2.checkprojectstatus.com/Laravel/uploads/products/166115963516601173251656048139_8641.jpg,166115963516601173251656048139_8641.jpg,0,0,1000
muv_apollo_beach,Tropicana Cookies,Vape,Specialty Pods,Sativa,0.5g,77.30%,0.20%,45,,MÜV,644350,"Tropicana Cookies is a sativa strain that is said to provide uplifting, happy effects. The strain is incredibly sweet on the inhale, reminiscent of citrus, and gassy on exhale.",https://www.iheartjane.com/embed/stores/487/products/644350/muv-tropicana-cookies,https://v2.checkprojectstatus.com/Laravel/uploads/products/166115963516601173251656048139_8641.jpg,166115963516601173251656048139_8641.jpg,0,0,1000
muv_apollo_beach,Velvet Glove,Vape,Disposables,Indica,,82.15%,0.18%,35,,MÜV,170094,"MÜV All-in-One disposable vape pens deliver our highest quality cannabis oil through a convenient, ready-to-use product. At MÜV, we know that quality cannabis oil demands quality hardware. Therefore, MÜV All-in-One pens are reliable and consistent - they are free of buttons and feature robust ceramic atomizers. This is an ideal on-the-go product.",https://www.iheartjane.com/embed/stores/487/products/170094/muv-velvet-glove-300mg,https://v2.checkprojectstatus.com/Laravel/uploads/products/166115963516601173251656048139_8641.jpg,166115963516601173251656048139_8641.jpg,0,0,1000
muv_apollo_beach,Watermelon Zkittlez,Vape,Specialty Pods,Indica,0.5g,82.39%,0.25%,45,,MÜV,1026584,"Watermelon Zkittlez is a mouthwatering candy explosion of flavor, delivering a powerful, head-rushing euphoria. With its heavy yet cerebral effects, this indica-dominant Dart Pod strain is ideal for the end of the day.",https://www.iheartjane.com/embed/stores/487/products/1026584/muv-watermelon-zkittlez,https://v2.checkprojectstatus.com/Laravel/uploads/products/166115963516601173251656048139_8641.jpg,166115963516601173251656048139_8641.jpg,0,0,1000
